Workshop Name,PoleStudio,Workshop Seite Eversports,Version
Hip Hop Pole Workshop,poda,https://www.eversports.de/e/workshop/x31ysLeOS,2023-04-27 14:21:50
Circus Kids Luftakrobatik Workshop,poda,https://www.eversports.de/e/workshop/x1w0Mq3Y7,2023-04-27 14:21:50
Pole Dance Probestunde *Poda Birthday Special* Free,poda,https://www.eversports.de/e/workshop/xFwPArnAH,2023-04-27 14:21:50
Pole Fitness *Poda Birthday Special* Free,poda,https://www.eversports.de/e/workshop/Sh6fqaIks,2023-04-27 14:21:50
Twerk & Chair *Poda Birthday Special* Free,poda,https://www.eversports.de/e/workshop/feME-_7tG,2023-04-27 14:21:50
Hard Style Exotic Pole Workshop,poda,https://www.eversports.de/e/workshop/dCR2PVd05,2023-04-27 14:21:50
Circus Kids Luftakrobatik Workshop,poda,https://www.eversports.de/e/workshop/nb8_WV2wH,2023-04-27 14:21:50
*Fortsetzung folgt...* Lady Marmalade Chair Dance Workshop,poda,https://www.eversports.de/e/workshop/cDPxswQQp,2023-04-27 14:21:50
*Fortsetzung folgt...* Azzlack Stereotyp 2 - Exotic Pole Workshop,poda,https://www.eversports.de/e/workshop/xo_EQbOQn,2023-04-27 14:21:50
Circus Kids Luftakrobatik Workshop,poda,https://www.eversports.de/e/workshop/HGkpQ9uAJ,2023-04-27 14:21:50
Circus Kids Luftakrobatik Workshop,poda,https://www.eversports.de/e/workshop/Bz5neTPTa,2023-04-27 14:21:50
Circus Kids Luftakrobatik Workshop,poda,https://www.eversports.de/e/workshop/3zdELX6G_,2023-04-27 14:21:50
Circus Kids Luftakrobatik Workshop,poda,https://www.eversports.de/e/workshop/tUZ-pbNF0,2023-04-27 14:21:50
Circus Kids Luftakrobatik Workshop,poda,https://www.eversports.de/e/workshop/5u5RfrpDC,2023-04-27 14:21:50
Circus Kids Luftakrobatik Workshop,poda,https://www.eversports.de/e/workshop/RPiNq9mm6,2023-04-27 14:21:50
Pole Embodiment (und traumasensibles Training) mit Yara Mar,Schönheitstanz,https://www.eversports.de/e/workshop/LCUUb_2_y,2023-04-27 14:21:51
Pole Poetics - Yara Mar,Schönheitstanz,https://www.eversports.de/e/workshop/ER0zQ_dpO,2023-04-27 14:21:51
Pole Poetics - Yara Mar,Schönheitstanz,https://www.eversports.de/e/workshop/VFbxTA0N-,2023-04-27 14:21:51
Pole Embodiment (und traumasensibles Training) mit Yara Mar,Schönheitstanz,https://www.eversports.de/e/workshop/6bF1TMx68,2023-04-27 14:21:51
Pole Dance Anfänger 1 Kurs ,Schönheitstanz,https://www.eversports.de/e/workshop/HUorJFjfx,2023-04-27 14:21:51
Burlesque Anfängerworkshop mit Lady Lou ( Zweistündig ),Schönheitstanz,https://www.eversports.de/e/workshop/FHCKYUiH4,2023-04-27 14:21:51
Burlesque Anfängerworkshop mit Lady Lou,Schönheitstanz,https://www.eversports.de/e/workshop/3NL5wOMYS,2023-04-27 14:21:51
Burlesque Anfängerworkshop mit Lady Lou ( Zweistündig ) Teil 2,Schönheitstanz,https://www.eversports.de/e/workshop/Cms6P_dvl,2023-04-27 14:21:51
Lap Dance Teil 2 ONLINE,Schönheitstanz,https://www.eversports.de/e/workshop/8FXiuS8_E,2023-04-27 14:21:51
Lap Dance Teil 2,Schönheitstanz,https://www.eversports.de/e/workshop/iw3RDXcnL,2023-04-27 14:21:51
Selbstverteidigung speziell für Frauen Anfängerkurs,Schönheitstanz,https://www.eversports.de/e/workshop/06XhZ5mz9,2023-04-27 14:21:51
Burlesque Mittelstufenworkshop mit Lady Lou,Schönheitstanz,https://www.eversports.de/e/workshop/gBaP72xpq,2023-04-27 14:21:51
Jenna Wilsons High Heel Walk & Dance Kurs ,Schönheitstanz,https://www.eversports.de/e/workshop/0K6smsHO3,2023-04-27 14:21:51
Twerk Basics,Schönheitstanz,https://www.eversports.de/e/workshop/T0zqcJzpt,2023-04-27 14:21:51
Twerk Basics Onlinekurs,Schönheitstanz,https://www.eversports.de/e/workshop/k_EtoRhzP,2023-04-27 14:21:51
Bedroom Burlesque mit Lady Lou THEMA: tba ONLINE,Schönheitstanz,https://www.eversports.de/e/workshop/cGbDoasJb,2023-04-27 14:21:51
Bedroom Burlesque mit Lady Lou THEMA: tba,Schönheitstanz,https://www.eversports.de/e/workshop/j_jkhqdxZ,2023-04-27 14:21:51
Belly Dance mit Santina,Schönheitstanz,https://www.eversports.de/e/workshop/12BcOnsK5,2023-04-27 14:21:51
Lap Dance & Strip 'n' Tease Workshop ,Schönheitstanz,https://www.eversports.de/e/workshop/uHZYWxiZz,2023-04-27 14:21:51
Lap Dance & Strip 'n' Tease Online Workshop ,Schönheitstanz,https://www.eversports.de/e/workshop/OjGR_JBOx,2023-04-27 14:21:51
Burlesque Anfängerworkshop mit Lady Lou,Schönheitstanz,https://www.eversports.de/e/workshop/JM4nctfos,2023-04-27 14:21:51
Tag der offenen Tür - Schnuppertease Special,Schönheitstanz,https://www.eversports.de/e/workshop/ij8k5JaK4,2023-04-27 14:21:51
" Burlesque-Workshop ""sexy Floorwork"" mit Tania Giovo",Schönheitstanz,https://www.eversports.de/e/workshop/yPj0JwNAa,2023-04-27 14:21:51
Pole Dance Anfänger 1 Kurs ,Schönheitstanz,https://www.eversports.de/e/workshop/enJqnNcMo,2023-04-27 14:21:51
